Fecha_Hora,Ciudad,Temperatura_C,Humedad_%,Vel_Viento_mps,Presion_hPa,Estado_Clima
1/1/24 0:00,Madrid,27,79,184,9935,Nublado
1/1/24 1:00,Madrid,23,58,52,10125,Nublado
1/1/24 2:00,Madrid,35,91,196,9929,Nublado
1/1/24 3:00,Madrid,11,96,114,10197,Nevado
1/1/24 4:00,Madrid,34,62,147,10033,Tormentoso
1/1/24 5:00,Madrid,42,91,63,9989,Lluvioso
1/1/24 6:00,Madrid,39,51,77,10067,Soleado
1/1/24 7:00,Madrid,-37,98,63,10015,Soleado
1/1/24 8:00,Madrid,24,40,36,9907,Tormentoso
1/1/24 9:00,Madrid,19,92,169,9947,Tormentoso
1/1/24 10:00,Madrid,27,40,177,10347,Tormentoso
1/1/24 11:00,Madrid,19,78,148,9925,Nevado
1/1/24 12:00,Madrid,15,96,120,10236,Lluvioso
1/1/24 13:00,Madrid,77,81,6,10040,Nublado
1/1/24 14:00,Madrid,36,82,118,10086,Nublado
1/1/24 15:00,Madrid,48,54,15,9939,Nevado
1/1/24 16:00,Madrid,38,52,190,9993,Nublado
1/1/24 17:00,Madrid,24,58,118,10073,Tormentoso
1/1/24 18:00,Madrid,16,53,72,10184,Neblina
1/1/24 19:00,Madrid,15,99,54,10047,Soleado
1/1/24 20:00,Madrid,27,80,115,10145,Tormentoso
1/1/24 21:00,Madrid,19,45,122,9930,Nevado
1/1/24 22:00,Madrid,21,70,45,10170,Tormentoso
1/1/24 23:00,Madrid,39,52,179,10279,Tormentoso
1/2/24 0:00,Madrid,35,48,199,9927,Neblina
1/2/24 1:00,Madrid,36,42,120,10279,Tormentoso
1/2/24 2:00,Madrid,39,60,116,10220,Lluvioso
1/2/24 3:00,Madrid,40,48,36,10232,Nevado
1/2/24 4:00,Madrid,39,61,83,10092,Neblina
1/2/24 5:00,Madrid,36,74,57,10279,Nevado
1/2/24 6:00,Madrid,22,55,45,10300,Lluvioso
1/2/24 7:00,Madrid,163,75,35,10105,Nublado
1/2/24 8:00,Madrid,269,92,33,10105,Tormentoso
1/2/24 9:00,Madrid,351,63,118,10080,Nublado
1/2/24 10:00,Madrid,253,46,67,10064,Nublado
1/2/24 11:00,Madrid,-74,50,109,10141,Soleado
1/2/24 12:00,Madrid,186,67,146,9912,Soleado
1/2/24 13:00,Madrid,27,75,137,10125,Nublado
1/2/24 14:00,Madrid,101,56,130,10155,Nevado
1/2/24 15:00,Madrid,-14,40,82,10236,Nevado
1/2/24 16:00,Madrid,397,54,62,10254,Nevado
1/2/24 17:00,Madrid,5,60,181,10212,Nevado
1/2/24 18:00,Madrid,363,56,179,9952,Soleado
1/2/24 19:00,Madrid,162,88,197,10136,Neblina
1/2/24 20:00,Madrid,375,76,175,10137,Neblina
1/2/24 21:00,Madrid,277,90,150,10092,Lluvioso
1/2/24 22:00,Madrid,264,40,32,10274,Nublado
1/2/24 23:00,Madrid,274,44,144,10109,Tormentoso
1/3/24 0:00,Madrid,191,90,179,9968,Tormentoso
1/3/24 1:00,Madrid,305,59,142,10336,Nevado
1/3/24 2:00,Madrid,266,98,138,9935,Tormentoso
1/3/24 3:00,Madrid,-73,53,127,10141,Neblina
1/3/24 4:00,Madrid,303,80,63,9978,Neblina
1/3/24 5:00,Madrid,127,53,8,10305,Neblina
1/3/24 6:00,Madrid,270,71,66,9971,Neblina
1/3/24 7:00,Madrid,-34,41,59,10072,Neblina
1/3/24 8:00,Madrid,259,69,66,10343,Neblina
1/3/24 9:00,Madrid,72,68,112,10071,Nevado
1/3/24 10:00,Madrid,54,58,143,10003,Neblina
1/3/24 11:00,Madrid,219,67,184,10065,Lluvioso
1/3/24 12:00,Madrid,318,84,93,10090,Soleado
1/3/24 13:00,Madrid,136,78,157,10084,Soleado
1/3/24 14:00,Madrid,296,47,21,10194,Nevado
1/3/24 15:00,Madrid,-86,69,197,10044,Nevado
1/3/24 16:00,Madrid,-2,91,104,10197,Lluvioso
1/3/24 17:00,Madrid,176,55,171,10095,Neblina
1/3/24 18:00,Madrid,296,90,156,10119,Soleado
1/3/24 19:00,Madrid,64,62,163,10065,Lluvioso
1/3/24 20:00,Madrid,174,59,190,9981,Soleado
1/3/24 21:00,Madrid,393,44,198,9935,Lluvioso
1/3/24 22:00,Madrid,352,97,79,10002,Soleado
1/3/24 23:00,Madrid,344,52,146,10163,Nublado
1/4/24 0:00,Madrid,155,86,118,10102,Tormentoso
1/4/24 1:00,Madrid,-37,80,192,10350,Neblina
1/4/24 2:00,Madrid,105,80,122,10117,Neblina
1/4/24 3:00,Madrid,278,66,104,10198,Lluvioso
1/4/24 4:00,Madrid,164,47,10,10180,Tormentoso
1/4/24 5:00,Madrid,199,49,121,10160,Neblina
1/4/24 6:00,Madrid,204,79,142,10055,Neblina
1/4/24 7:00,Madrid,-3,42,14,10247,Lluvioso
1/4/24 8:00,Madrid,112,99,88,10021,Nevado
1/4/24 9:00,Madrid,-99,68,99,10322,Soleado
1/4/24 10:00,Madrid,122,68,193,10343,Neblina
1/4/24 11:00,Madrid,-93,90,184,10213,Lluvioso
1/4/24 12:00,Madrid,192,78,97,10245,Nevado
1/4/24 13:00,Madrid,51,62,106,10155,Nublado
1/4/24 14:00,Madrid,175,42,198,10231,Nevado
1/4/24 15:00,Madrid,246,83,175,10132,Lluvioso
1/4/24 16:00,Madrid,-5,66,194,10111,Nublado
1/4/24 17:00,Madrid,312,66,79,10322,Lluvioso
1/4/24 18:00,Madrid,150,83,68,10203,Soleado
1/4/24 19:00,Madrid,-21,66,189,10330,Nevado
1/4/24 20:00,Madrid,359,84,46,10073,Soleado
1/4/24 21:00,Madrid,220,46,183,10146,Nevado
1/4/24 22:00,Madrid,43,77,90,10143,Lluvioso
1/4/24 23:00,Madrid,23,51,179,10295,Neblina
1/5/24 0:00,Madrid,40,45,91,10066,Lluvioso
1/5/24 1:00,Madrid,71,55,141,10123,Nevado
1/5/24 2:00,Madrid,245,43,81,9911,Nublado
1/5/24 3:00,Madrid,104,78,13,9960,Tormentoso
1/5/24 4:00,Madrid,-41,79,139,10250,Nevado
1/5/24 5:00,Madrid,197,81,54,10058,Lluvioso
1/5/24 6:00,Madrid,-6,51,165,9960,Tormentoso
1/5/24 7:00,Madrid,-18,92,90,10077,Nublado
1/5/24 8:00,Madrid,126,68,38,10261,Nublado
1/5/24 9:00,Madrid,31,72,130,9912,Lluvioso
1/5/24 10:00,Madrid,-9,60,148,10065,Neblina
1/5/24 11:00,Madrid,28,71,132,10194,Soleado
1/5/24 12:00,Madrid,115,61,100,10004,Tormentoso
1/5/24 13:00,Madrid,169,62,112,9911,Nevado
1/5/24 14:00,Madrid,356,64,132,10074,Tormentoso
1/5/24 15:00,Madrid,-91,58,171,10203,Neblina
1/5/24 16:00,Madrid,30,40,78,10213,Neblina
1/5/24 17:00,Madrid,-99,73,113,10318,Lluvioso
1/5/24 18:00,Madrid,277,73,110,10342,Soleado
1/5/24 19:00,Madrid,-48,89,73,10206,Nevado
1/5/24 20:00,Madrid,366,87,98,10186,Neblina
1/5/24 21:00,Madrid,164,74,155,10188,Tormentoso
1/5/24 22:00,Madrid,-74,45,138,10050,Nublado
1/5/24 23:00,Madrid,38,43,194,9973,Nublado
1/6/24 0:00,Madrid,3,72,86,9949,Tormentoso
1/6/24 1:00,Madrid,-13,91,103,10289,Tormentoso
1/6/24 2:00,Madrid,86,70,11,10336,Lluvioso
1/6/24 3:00,Madrid,189,98,57,10167,Tormentoso
1/6/24 4:00,Madrid,252,65,159,10064,Soleado
1/6/24 5:00,Madrid,241,92,145,10243,Nevado
1/6/24 6:00,Madrid,-86,79,124,9984,Nevado
1/6/24 7:00,Madrid,-40,66,130,10171,Nevado
1/6/24 8:00,Madrid,-99,87,131,9953,Tormentoso
1/6/24 9:00,Madrid,81,83,189,10032,Nublado
1/6/24 10:00,Madrid,284,82,172,9993,Lluvioso
1/6/24 11:00,Madrid,309,56,29,9995,Nublado
1/6/24 12:00,Madrid,-91,46,102,10134,Lluvioso
1/6/24 13:00,Madrid,361,62,73,9957,Neblina
1/6/24 14:00,Madrid,383,84,89,10168,Nublado
1/6/24 15:00,Madrid,-67,84,57,10244,Lluvioso
1/6/24 16:00,Madrid,145,44,52,10290,Nevado
1/6/24 17:00,Madrid,223,86,135,10029,Nevado
1/6/24 18:00,Madrid,67,90,27,10336,Soleado
1/6/24 19:00,Madrid,32,75,40,10280,Soleado
1/6/24 20:00,Madrid,-32,55,136,10184,Lluvioso
1/6/24 21:00,Madrid,339,54,132,10064,Lluvioso
1/6/24 22:00,Madrid,-10,74,53,9909,Neblina
1/6/24 23:00,Madrid,7,71,10,10283,Tormentoso
1/7/24 0:00,Madrid,9,53,97,10028,Neblina
1/7/24 1:00,Madrid,218,76,80,10238,Nublado
1/7/24 2:00,Madrid,273,55,185,10343,Nevado
1/7/24 3:00,Madrid,188,57,129,9929,Neblina
1/7/24 4:00,Madrid,-29,43,19,9935,Soleado
1/7/24 5:00,Madrid,203,95,66,10257,Neblina
1/7/24 6:00,Madrid,316,74,84,10252,Nublado
1/7/24 7:00,Madrid,286,46,115,10208,Neblina
1/7/24 8:00,Madrid,344,40,150,10171,Lluvioso
1/7/24 9:00,Madrid,-98,82,182,10267,Neblina
1/7/24 10:00,Madrid,358,87,112,10285,Tormentoso
1/7/24 11:00,Madrid,246,84,87,10040,Lluvioso
1/7/24 12:00,Madrid,-8,75,21,10011,Neblina
1/7/24 13:00,Madrid,87,62,128,10110,Lluvioso
1/7/24 14:00,Madrid,308,95,192,10250,Nevado
1/7/24 15:00,Madrid,84,60,182,10119,Neblina
1/7/24 16:00,Madrid,262,50,33,9913,Neblina
1/7/24 17:00,Madrid,-1,79,28,10173,Tormentoso
1/7/24 18:00,Madrid,-58,74,86,9994,Nevado
1/7/24 19:00,Madrid,-2,83,61,10162,Nevado
1/7/24 20:00,Madrid,269,86,116,10337,Tormentoso
1/7/24 21:00,Madrid,176,98,24,10157,Neblina
1/7/24 22:00,Madrid,-50,65,62,10318,Soleado
1/7/24 23:00,Madrid,292,91,153,10037,Soleado
1/8/24 0:00,Madrid,-62,40,175,10192,Nevado
1/8/24 1:00,Madrid,177,96,180,10193,Tormentoso
1/8/24 2:00,Madrid,147,79,128,10230,Soleado
1/8/24 3:00,Madrid,371,62,75,10125,Lluvioso
1/8/24 4:00,Madrid,46,71,84,10261,Nublado
1/8/24 5:00,Madrid,397,74,72,9905,Soleado
1/8/24 6:00,Madrid,-23,56,197,9938,Lluvioso
1/8/24 7:00,Madrid,80,48,91,10144,Nublado
1/8/24 8:00,Madrid,145,41,9,10214,Lluvioso
1/8/24 9:00,Madrid,-71,92,89,10253,Tormentoso
1/8/24 10:00,Madrid,250,99,67,10161,Nublado
1/8/24 11:00,Madrid,20,65,187,10246,Nevado
1/8/24 12:00,Madrid,77,99,44,9948,Soleado
1/8/24 13:00,Madrid,227,49,74,10260,Neblina
1/8/24 14:00,Madrid,-84,43,80,10072,Tormentoso
1/8/24 15:00,Madrid,216,79,97,10013,Nublado
1/8/24 16:00,Madrid,360,48,105,9934,Neblina
1/8/24 17:00,Madrid,14,85,106,10219,Neblina
1/8/24 18:00,Madrid,138,73,31,10128,Tormentoso
1/8/24 19:00,Madrid,-93,46,143,10093,Nublado
1/8/24 20:00,Madrid,-83,98,200,9997,Nevado
1/8/24 21:00,Madrid,250,90,17,10006,Tormentoso
1/8/24 22:00,Madrid,301,92,139,10095,Tormentoso
1/8/24 23:00,Madrid,75,99,155,10114,Nublado
1/9/24 0:00,Madrid,-91,59,172,10134,Soleado
1/9/24 1:00,Madrid,-83,70,25,9910,Lluvioso
1/9/24 2:00,Madrid,77,66,92,10236,Soleado
1/9/24 3:00,Madrid,132,57,30,10020,Soleado
1/9/24 4:00,Madrid,256,41,89,10075,Soleado
1/9/24 5:00,Madrid,-64,86,158,10104,Lluvioso
1/9/24 6:00,Madrid,267,78,60,10187,Nevado
1/9/24 7:00,Madrid,260,57,50,10310,Nevado
1/9/24 8:00,Madrid,349,43,131,10140,Neblina
1/9/24 9:00,Madrid,52,90,36,10296,Nublado
1/9/24 10:00,Madrid,1,77,52,9940,Neblina
1/9/24 11:00,Madrid,-16,98,139,10034,Nevado
1/9/24 12:00,Madrid,-30,77,59,9906,Tormentoso
1/9/24 13:00,Madrid,-55,94,62,9969,Lluvioso
1/9/24 14:00,Madrid,1,61,134,10344,Neblina
1/9/24 15:00,Madrid,272,86,38,10139,Neblina
1/9/24 16:00,Madrid,164,71,57,10280,Neblina
1/9/24 17:00,Madrid,60,83,111,10207,Nublado
1/9/24 18:00,Madrid,95,97,147,9979,Neblina
1/9/24 19:00,Madrid,290,67,127,10032,Lluvioso
1/9/24 20:00,Madrid,244,72,185,10185,Lluvioso
1/9/24 21:00,Madrid,111,66,146,10174,Tormentoso
1/9/24 22:00,Madrid,31,52,61,10076,Nevado
1/9/24 23:00,Madrid,396,69,144,10196,Nevado
1/10/24 0:00,Madrid,343,79,41,10104,Tormentoso
1/10/24 1:00,Madrid,205,60,199,9950,Nublado
1/10/24 2:00,Madrid,110,69,53,10134,Nevado
1/10/24 3:00,Madrid,388,72,11,9932,Nublado
1/10/24 4:00,Madrid,395,51,63,9982,Lluvioso
1/10/24 5:00,Madrid,346,92,7,10164,Tormentoso
1/10/24 6:00,Madrid,33,42,139,9949,Lluvioso
1/10/24 7:00,Madrid,386,74,149,10179,Nublado
1/10/24 8:00,Madrid,391,52,139,10259,Lluvioso
1/10/24 9:00,Madrid,34,43,40,10044,Tormentoso
1/10/24 10:00,Madrid,323,70,35,10191,Nublado
1/10/24 11:00,Madrid,-48,94,62,10270,Lluvioso
1/10/24 12:00,Madrid,184,45,128,10166,Tormentoso
1/10/24 13:00,Madrid,312,61,168,10253,Tormentoso
1/10/24 14:00,Madrid,383,57,130,10111,Nevado
1/10/24 15:00,Madrid,366,55,86,10228,Soleado
1/10/24 16:00,Madrid,93,42,59,10194,Tormentoso
1/10/24 17:00,Madrid,-84,71,20,10325,Nevado
1/10/24 18:00,Madrid,75,47,129,9974,Neblina
1/10/24 19:00,Madrid,369,72,13,9976,Nublado
1/10/24 20:00,Madrid,242,57,177,10288,Soleado
1/10/24 21:00,Madrid,162,50,123,10064,Tormentoso
1/10/24 22:00,Madrid,362,55,70,10344,Nublado
1/10/24 23:00,Madrid,-37,67,75,10343,Nublado
1/11/24 0:00,Madrid,210,50,168,10168,Nevado
1/11/24 1:00,Madrid,10,40,46,10274,Nublado
1/11/24 2:00,Madrid,137,79,159,10162,Nevado
1/11/24 3:00,Madrid,298,53,121,10002,Nublado
1/11/24 4:00,Madrid,343,64,78,10214,Tormentoso
1/11/24 5:00,Madrid,135,65,196,10329,Nevado
1/11/24 6:00,Madrid,259,54,172,9918,Lluvioso
1/11/24 7:00,Madrid,218,42,61,10259,Lluvioso
1/11/24 8:00,Madrid,122,49,157,10278,Nublado
1/11/24 9:00,Madrid,357,52,16,9973,Nublado
1/11/24 10:00,Madrid,42,87,73,10114,Neblina
1/11/24 11:00,Madrid,173,55,121,10267,Lluvioso
1/11/24 12:00,Madrid,172,46,125,10115,Nublado
1/11/24 13:00,Madrid,63,85,12,10263,Nevado
1/11/24 14:00,Madrid,225,60,189,10226,Soleado
1/11/24 15:00,Madrid,114,53,93,10267,Tormentoso
1/11/24 16:00,Madrid,173,77,109,10338,Nublado
1/11/24 17:00,Madrid,255,95,22,9968,Soleado
1/11/24 18:00,Madrid,391,47,84,10006,Nevado
1/11/24 19:00,Madrid,98,73,101,10218,Nevado
1/11/24 20:00,Madrid,371,84,132,9964,Neblina
1/11/24 21:00,Madrid,53,63,177,10054,Neblina
1/11/24 22:00,Madrid,397,94,37,10241,Soleado
1/11/24 23:00,Madrid,363,70,89,10332,Neblina
1/12/24 0:00,Madrid,263,55,101,10040,Lluvioso
1/12/24 1:00,Madrid,-36,68,147,10204,Tormentoso
1/12/24 2:00,Madrid,85,52,163,10132,Lluvioso
1/12/24 3:00,Madrid,376,51,169,9901,Nublado
1/12/24 4:00,Madrid,274,48,178,9930,Nevado
1/12/24 5:00,Madrid,39,76,106,10293,Lluvioso
1/12/24 6:00,Madrid,98,88,127,10090,Nevado
1/12/24 7:00,Madrid,17,42,153,10179,Lluvioso
1/12/24 8:00,Madrid,119,61,121,10317,Lluvioso
1/12/24 9:00,Madrid,-30,74,14,10243,Nevado
1/12/24 10:00,Madrid,9,44,37,10227,Neblina
1/12/24 11:00,Madrid,-99,42,27,10224,Nublado
1/12/24 12:00,Madrid,-50,65,75,10245,Nublado
1/12/24 13:00,Madrid,209,40,5,10253,Tormentoso
1/12/24 14:00,Madrid,252,51,114,10350,Soleado
1/12/24 15:00,Madrid,-63,70,70,10163,Neblina
1/12/24 16:00,Madrid,171,48,57,9953,Tormentoso
1/12/24 17:00,Madrid,322,56,31,9910,Soleado
1/12/24 18:00,Madrid,202,94,83,9988,Nublado
1/12/24 19:00,Madrid,299,51,174,10002,Nevado
1/12/24 20:00,Madrid,315,62,168,10056,Nublado
1/12/24 21:00,Madrid,5,48,101,10046,Soleado
1/12/24 22:00,Madrid,-22,97,100,10020,Soleado
1/12/24 23:00,Madrid,-24,94,8,10272,Nublado
1/13/24 0:00,Madrid,294,45,51,10051,Tormentoso
1/13/24 1:00,Madrid,201,77,48,10060,Neblina
1/13/24 2:00,Madrid,306,78,74,10021,Soleado
1/13/24 3:00,Madrid,1,61,64,10012,Lluvioso
1/13/24 4:00,Madrid,234,49,138,10275,Nevado
1/13/24 5:00,Madrid,-32,62,110,10065,Lluvioso
1/13/24 6:00,Madrid,204,75,63,9973,Tormentoso
1/13/24 7:00,Madrid,187,44,165,10247,Soleado
1/13/24 8:00,Madrid,59,94,127,10270,Soleado
1/13/24 9:00,Madrid,74,78,47,9961,Soleado
1/13/24 10:00,Madrid,-38,42,178,10078,Nevado
1/13/24 11:00,Madrid,-95,55,50,9906,Nevado
1/13/24 12:00,Madrid,224,73,152,10108,Lluvioso
1/13/24 13:00,Madrid,76,59,51,10320,Soleado
1/13/24 14:00,Madrid,229,91,50,9943,Nevado
1/13/24 15:00,Madrid,163,64,96,10138,Soleado
1/13/24 16:00,Madrid,351,46,158,10134,Nublado
1/13/24 17:00,Madrid,107,76,84,10252,Nublado
1/13/24 18:00,Madrid,-10,95,46,10161,Nevado
1/13/24 19:00,Madrid,65,62,125,10166,Nublado
1/13/24 20:00,Madrid,-52,76,13,10301,Neblina
1/13/24 21:00,Madrid,226,45,166,9996,Nublado
1/13/24 22:00,Madrid,395,96,127,10014,Nublado
1/13/24 23:00,Madrid,-20,88,159,10069,Soleado
1/14/24 0:00,Madrid,271,58,75,10210,Neblina
1/14/24 1:00,Madrid,194,69,45,9944,Neblina
1/14/24 2:00,Madrid,119,74,135,9900,Nublado
1/14/24 3:00,Madrid,-38,66,5,9993,Neblina
1/14/24 4:00,Madrid,387,50,186,10027,Soleado
1/14/24 5:00,Madrid,191,92,121,9916,Neblina
1/14/24 6:00,Madrid,174,99,142,10192,Neblina
1/14/24 7:00,Madrid,179,73,89,10019,Neblina
1/14/24 8:00,Madrid,394,58,106,10282,Nublado
1/14/24 9:00,Madrid,344,63,47,10106,Nevado
1/14/24 10:00,Madrid,244,68,160,9908,Nublado
1/14/24 11:00,Madrid,180,99,150,10037,Nublado
1/14/24 12:00,Madrid,-55,45,52,10059,Neblina
1/14/24 13:00,Madrid,392,96,155,10172,Neblina
1/14/24 14:00,Madrid,147,69,144,10265,Lluvioso
1/14/24 15:00,Madrid,-36,50,181,10232,Soleado
1/14/24 16:00,Madrid,151,49,146,10153,Nevado
1/14/24 17:00,Madrid,-82,54,11,10173,Neblina
1/14/24 18:00,Madrid,11,73,68,9983,Tormentoso
1/14/24 19:00,Madrid,-53,42,47,10037,Lluvioso
1/14/24 20:00,Madrid,200,91,94,9905,Soleado
1/14/24 21:00,Madrid,130,46,186,10153,Soleado
1/14/24 22:00,Madrid,177,77,123,10002,Nublado
1/14/24 23:00,Madrid,321,51,110,10320,Soleado
1/15/24 0:00,Madrid,98,46,20,10008,Lluvioso
1/15/24 1:00,Madrid,220,85,179,10236,Soleado
1/15/24 2:00,Madrid,-75,92,148,10118,Tormentoso
1/15/24 3:00,Madrid,-98,93,128,10244,Soleado
1/15/24 4:00,Madrid,90,51,178,9902,Soleado
1/15/24 5:00,Madrid,342,45,137,10294,Tormentoso
1/15/24 6:00,Madrid,47,64,148,10319,Soleado
1/15/24 7:00,Madrid,195,62,138,10192,Lluvioso
1/15/24 8:00,Madrid,255,91,171,10345,Soleado
1/15/24 9:00,Madrid,13,79,163,9963,Soleado
1/15/24 10:00,Madrid,351,59,50,10079,Lluvioso
1/15/24 11:00,Madrid,316,89,120,10165,Soleado
1/15/24 12:00,Madrid,391,94,164,10068,Nevado
1/15/24 13:00,Madrid,28,68,120,10040,Lluvioso
1/15/24 14:00,Madrid,84,65,77,10157,Tormentoso
1/15/24 15:00,Madrid,124,67,15,10326,Soleado
1/15/24 16:00,Madrid,94,78,144,10206,Lluvioso
1/15/24 17:00,Madrid,234,76,145,10104,Soleado
1/15/24 18:00,Madrid,321,98,142,10270,Nublado
1/15/24 19:00,Madrid,374,49,29,10009,Tormentoso
1/15/24 20:00,Madrid,101,61,70,10095,Soleado
1/15/24 21:00,Madrid,303,99,101,9917,Nevado
1/15/24 22:00,Madrid,-9,61,5,10197,Neblina
1/15/24 23:00,Madrid,213,43,134,10220,Neblina
1/16/24 0:00,Madrid,26,89,44,10317,Nublado
1/16/24 1:00,Madrid,160,71,178,10280,Nevado
1/16/24 2:00,Madrid,63,88,78,10009,Tormentoso
1/16/24 3:00,Madrid,-28,78,45,9904,Nevado
1/16/24 4:00,Madrid,177,63,187,10018,Lluvioso
1/16/24 5:00,Madrid,73,86,115,10194,Lluvioso
1/16/24 6:00,Madrid,222,43,29,10132,Nublado
1/16/24 7:00,Madrid,232,43,55,10271,Nevado
1/16/24 8:00,Madrid,201,70,127,10082,Tormentoso
1/16/24 9:00,Madrid,95,96,122,10027,Lluvioso
1/16/24 10:00,Madrid,346,57,37,10145,Nublado
1/16/24 11:00,Madrid,42,58,155,9974,Soleado
1/16/24 12:00,Madrid,16,79,157,10230,Lluvioso
1/16/24 13:00,Madrid,233,78,198,10141,Tormentoso
1/16/24 14:00,Madrid,198,68,135,10181,Tormentoso
1/16/24 15:00,Madrid,390,71,78,10000,Neblina
1/16/24 16:00,Madrid,-35,44,82,10109,Neblina
1/16/24 17:00,Madrid,234,69,126,9994,Lluvioso
1/16/24 18:00,Madrid,331,87,165,10256,Tormentoso
1/16/24 19:00,Madrid,104,82,49,9966,Tormentoso
1/16/24 20:00,Madrid,194,77,57,10029,Tormentoso
1/16/24 21:00,Madrid,-11,76,160,9985,Neblina
1/16/24 22:00,Madrid,153,72,200,10139,Nublado
1/16/24 23:00,Madrid,370,62,44,10069,Nevado
1/17/24 0:00,Madrid,171,59,189,10320,Tormentoso
1/17/24 1:00,Madrid,227,67,185,9949,Neblina
1/17/24 2:00,Madrid,100,43,145,10350,Nublado
1/17/24 3:00,Madrid,-92,77,138,9908,Nevado
1/17/24 4:00,Madrid,188,56,129,10269,Lluvioso
1/17/24 5:00,Madrid,283,93,158,10135,Nublado
1/17/24 6:00,Madrid,229,86,56,10339,Nublado
1/17/24 7:00,Madrid,358,53,48,10012,Soleado
1/17/24 8:00,Madrid,323,96,198,10251,Tormentoso
1/17/24 9:00,Madrid,2,59,169,9936,Nevado
1/17/24 10:00,Madrid,186,79,191,10095,Tormentoso
1/17/24 11:00,Madrid,194,43,191,9927,Nublado
1/17/24 12:00,Madrid,160,59,137,10000,Nublado
1/17/24 13:00,Madrid,27,62,67,10045,Soleado
1/17/24 14:00,Madrid,279,99,155,9904,Soleado
1/17/24 15:00,Madrid,38,91,78,10338,Nublado
1/17/24 16:00,Madrid,247,44,27,9966,Lluvioso
1/17/24 17:00,Madrid,60,90,185,10320,Soleado
1/17/24 18:00,Madrid,229,60,176,9931,Neblina
1/17/24 19:00,Madrid,-20,56,123,10148,Neblina
1/17/24 20:00,Madrid,190,82,12,10072,Nevado
1/17/24 21:00,Madrid,100,94,81,9939,Lluvioso
1/17/24 22:00,Madrid,112,52,121,10240,Lluvioso
1/17/24 23:00,Madrid,383,62,35,9907,Lluvioso
1/18/24 0:00,Madrid,67,61,124,10258,Tormentoso
1/18/24 1:00,Madrid,256,72,58,9929,Nevado
1/18/24 2:00,Madrid,232,84,169,10314,Nevado
1/18/24 3:00,Madrid,126,95,70,10158,Neblina
1/18/24 4:00,Madrid,150,57,74,9902,Neblina
1/18/24 5:00,Madrid,114,90,56,9983,Neblina
1/18/24 6:00,Madrid,139,68,30,10059,Tormentoso
1/18/24 7:00,Madrid,43,86,9,10167,Neblina
1/18/24 8:00,Madrid,-86,97,73,9935,Lluvioso
1/18/24 9:00,Madrid,263,83,118,10100,Neblina
1/18/24 10:00,Madrid,251,71,193,10042,Nevado
1/18/24 11:00,Madrid,-86,96,80,10333,Tormentoso
1/18/24 12:00,Madrid,331,40,33,10148,Tormentoso
1/18/24 13:00,Madrid,122,68,134,10297,Tormentoso
1/18/24 14:00,Madrid,53,79,137,10089,Tormentoso
1/18/24 15:00,Madrid,268,86,121,9934,Neblina
1/18/24 16:00,Madrid,-12,65,116,10110,Lluvioso
1/18/24 17:00,Madrid,-60,70,117,10250,Lluvioso
1/18/24 18:00,Madrid,21,66,131,10183,Soleado
1/18/24 19:00,Madrid,215,51,13,10132,Neblina
1/18/24 20:00,Madrid,88,55,105,10313,Soleado
1/18/24 21:00,Madrid,370,43,54,10047,Lluvioso
1/18/24 22:00,Madrid,29,82,176,10021,Nevado
1/18/24 23:00,Madrid,322,60,97,10250,Nevado
1/19/24 0:00,Madrid,305,94,78,10023,Lluvioso
1/19/24 1:00,Madrid,245,51,102,10336,Lluvioso
1/19/24 2:00,Madrid,12,78,105,9969,Nublado
1/19/24 3:00,Madrid,81,68,15,10058,Lluvioso
1/19/24 4:00,Madrid,337,52,156,10228,Tormentoso
1/19/24 5:00,Madrid,-55,72,67,9975,Lluvioso
1/19/24 6:00,Madrid,5,95,59,10200,Neblina
1/19/24 7:00,Madrid,-94,71,26,10078,Lluvioso
1/19/24 8:00,Madrid,189,42,113,10281,Lluvioso
1/19/24 9:00,Madrid,69,61,33,9964,Nublado
1/19/24 10:00,Madrid,-29,43,60,9919,Neblina
1/19/24 11:00,Madrid,43,89,134,9916,Soleado
1/19/24 12:00,Madrid,384,47,56,10346,Nevado
1/19/24 13:00,Madrid,-56,66,59,10181,Nevado
1/19/24 14:00,Madrid,375,43,160,9915,Nevado
1/19/24 15:00,Madrid,269,52,164,10322,Neblina
1/19/24 16:00,Madrid,251,60,126,10347,Lluvioso
1/19/24 17:00,Madrid,93,69,75,10333,Soleado
1/19/24 18:00,Madrid,101,76,79,10307,Lluvioso
1/19/24 19:00,Madrid,268,91,182,10214,Neblina
1/19/24 20:00,Madrid,206,84,19,10181,Soleado
1/19/24 21:00,Madrid,5,98,67,10089,Soleado
1/19/24 22:00,Madrid,-7,54,44,10277,Nevado
1/19/24 23:00,Madrid,-14,68,168,10191,Nevado
1/20/24 0:00,Madrid,46,69,108,10177,Nevado
1/20/24 1:00,Madrid,159,70,29,10081,Nublado
1/20/24 2:00,Madrid,182,64,60,9995,Lluvioso
1/20/24 3:00,Madrid,365,99,174,10333,Neblina
1/20/24 4:00,Madrid,-65,50,32,10264,Nublado
1/20/24 5:00,Madrid,282,62,13,10021,Soleado
1/20/24 6:00,Madrid,-23,91,121,10326,Lluvioso
1/20/24 7:00,Madrid,214,90,138,10242,Nevado
1/20/24 8:00,Madrid,195,52,56,10167,Soleado
1/20/24 9:00,Madrid,35,46,184,10309,Nublado
1/20/24 10:00,Madrid,114,43,177,10163,Lluvioso
1/20/24 11:00,Madrid,264,61,5,10082,Soleado
1/20/24 12:00,Madrid,-68,66,104,10210,Neblina
1/20/24 13:00,Madrid,128,99,164,9927,Neblina
1/20/24 14:00,Madrid,94,57,116,10184,Nublado
1/20/24 15:00,Madrid,-55,82,20,10017,Soleado
1/20/24 16:00,Madrid,1,69,84,9913,Nublado
1/20/24 17:00,Madrid,251,76,34,9971,Neblina
1/20/24 18:00,Madrid,296,57,123,10104,Soleado
1/20/24 19:00,Madrid,-74,58,176,10220,Neblina
1/20/24 20:00,Madrid,395,99,136,10113,Lluvioso
1/20/24 21:00,Madrid,0,74,104,9976,Lluvioso
1/20/24 22:00,Madrid,-45,82,127,10031,Lluvioso
1/20/24 23:00,Madrid,-99,73,93,10318,Lluvioso
1/21/24 0:00,Madrid,150,57,6,9971,Tormentoso
1/21/24 1:00,Madrid,-41,47,95,9921,Neblina
1/21/24 2:00,Madrid,-96,69,169,10066,Neblina
1/21/24 3:00,Madrid,-97,50,64,10028,Nevado
1/21/24 4:00,Madrid,283,54,33,9932,Tormentoso
1/21/24 5:00,Madrid,363,98,174,10208,Soleado
1/21/24 6:00,Madrid,59,95,179,10241,Neblina
1/21/24 7:00,Madrid,150,75,197,10243,Nevado
1/21/24 8:00,Madrid,145,92,91,10342,Nevado
1/21/24 9:00,Madrid,208,45,28,10012,Nevado
1/21/24 10:00,Madrid,216,66,142,10080,Nublado
1/21/24 11:00,Madrid,386,81,136,10284,Nublado
1/21/24 12:00,Madrid,362,65,6,10093,Neblina
1/21/24 13:00,Madrid,174,94,113,10236,Tormentoso
1/21/24 14:00,Madrid,107,49,27,9998,Soleado
1/21/24 15:00,Madrid,343,53,62,10068,Nublado
1/21/24 16:00,Madrid,2,67,97,10158,Nublado
1/21/24 17:00,Madrid,-88,85,177,10049,Nublado
1/21/24 18:00,Madrid,-57,72,34,10027,Nevado
1/21/24 19:00,Madrid,133,89,88,10338,Nublado
1/21/24 20:00,Madrid,325,44,18,10024,Tormentoso
1/21/24 21:00,Madrid,354,67,191,10261,Neblina
1/21/24 22:00,Madrid,366,72,157,10101,Tormentoso
1/21/24 23:00,Madrid,-95,86,9,10263,Nublado
1/22/24 0:00,Madrid,137,46,106,10037,Soleado
1/22/24 1:00,Madrid,-93,54,131,10202,Nublado
1/22/24 2:00,Madrid,28,77,197,10335,Nublado
1/22/24 3:00,Madrid,84,58,91,10328,Nublado
1/22/24 4:00,Madrid,-41,87,157,10074,Lluvioso
1/22/24 5:00,Madrid,311,66,169,10111,Soleado
1/22/24 6:00,Madrid,397,83,175,10254,Nublado
1/22/24 7:00,Madrid,328,56,120,10302,Tormentoso
1/22/24 8:00,Madrid,-22,56,78,9941,Nevado
1/22/24 9:00,Madrid,27,85,61,10054,Lluvioso
1/22/24 10:00,Madrid,122,48,37,9942,Neblina
1/22/24 11:00,Madrid,69,64,65,10230,Nublado
1/22/24 12:00,Madrid,2,87,122,10205,Nevado
1/22/24 13:00,Madrid,18,57,6,10128,Soleado
1/22/24 14:00,Madrid,272,70,116,10030,Soleado
1/22/24 15:00,Madrid,250,72,74,9924,Nevado
1/22/24 16:00,Madrid,-99,59,109,10315,Lluvioso
1/22/24 17:00,Madrid,5,71,79,10284,Lluvioso
1/22/24 18:00,Madrid,258,61,6,10047,Nublado
1/22/24 19:00,Madrid,150,87,28,10085,Nevado
1/22/24 20:00,Madrid,114,93,178,9926,Nublado
1/22/24 21:00,Madrid,153,80,46,9936,Lluvioso
1/22/24 22:00,Madrid,289,74,56,10087,Nublado
1/22/24 23:00,Madrid,15,72,66,10054,Nublado
1/23/24 0:00,Madrid,-85,40,178,10204,Soleado
1/23/24 1:00,Madrid,12,90,115,10215,Nevado
1/23/24 2:00,Madrid,-16,61,189,9998,Soleado
1/23/24 3:00,Madrid,218,99,103,10037,Nevado
1/23/24 4:00,Madrid,304,60,29,10082,Soleado
1/23/24 5:00,Madrid,36,96,18,10301,Soleado
1/23/24 6:00,Madrid,-4,89,111,9975,Nevado
1/23/24 7:00,Madrid,-47,44,125,9959,Tormentoso
1/23/24 8:00,Madrid,328,45,165,10231,Nevado
1/23/24 9:00,Madrid,373,85,57,10143,Soleado
1/23/24 10:00,Madrid,373,96,8,10070,Neblina
1/23/24 11:00,Madrid,-44,43,7,10292,Tormentoso
1/23/24 12:00,Madrid,305,84,173,10134,Lluvioso
1/23/24 13:00,Madrid,137,61,111,10318,Tormentoso
1/23/24 14:00,Madrid,325,44,145,10335,Tormentoso
1/23/24 15:00,Madrid,-19,91,63,9902,Lluvioso
1/23/24 16:00,Madrid,154,88,127,10124,Soleado
1/23/24 17:00,Madrid,297,75,73,10346,Neblina
1/23/24 18:00,Madrid,366,44,60,10080,Nevado
1/23/24 19:00,Madrid,388,70,134,10236,Nublado
1/23/24 20:00,Madrid,-13,45,110,10330,Neblina
1/23/24 21:00,Madrid,9,77,154,9928,Tormentoso
1/23/24 22:00,Madrid,358,91,62,10215,Soleado
1/23/24 23:00,Madrid,-97,57,33,9945,Nevado
1/24/24 0:00,Madrid,190,84,163,10130,Lluvioso
1/24/24 1:00,Madrid,-93,61,198,10332,Lluvioso
1/24/24 2:00,Madrid,354,64,107,10266,Lluvioso
1/24/24 3:00,Madrid,-80,82,158,10192,Tormentoso
1/24/24 4:00,Madrid,52,88,53,10230,Nevado
1/24/24 5:00,Madrid,-6,82,43,10036,Neblina
1/24/24 6:00,Madrid,-30,69,107,10212,Tormentoso
1/24/24 7:00,Madrid,49,56,83,10231,Lluvioso
1/24/24 8:00,Madrid,157,89,151,9984,Neblina
1/24/24 9:00,Madrid,215,81,197,10342,Soleado
1/24/24 10:00,Madrid,82,73,58,10082,Neblina
1/24/24 11:00,Madrid,385,60,82,10053,Nublado
1/24/24 12:00,Madrid,-49,59,19,9993,Lluvioso
1/24/24 13:00,Madrid,105,81,25,10285,Neblina
1/24/24 14:00,Madrid,-66,57,89,10254,Soleado
1/24/24 15:00,Madrid,308,74,89,10007,Tormentoso
1/24/24 16:00,Madrid,39,71,101,10284,Neblina
1/24/24 17:00,Madrid,242,45,120,10030,Nevado
1/24/24 18:00,Madrid,272,65,84,10297,Nublado
1/24/24 19:00,Madrid,390,91,164,9909,Soleado
1/24/24 20:00,Madrid,323,79,108,10292,Nevado
1/24/24 21:00,Madrid,166,60,9,10184,Nevado
1/24/24 22:00,Madrid,105,92,148,10129,Lluvioso
1/24/24 23:00,Madrid,-40,90,121,10263,Nublado
1/25/24 0:00,Madrid,-2,44,146,10145,Tormentoso
1/25/24 1:00,Madrid,-33,99,105,9923,Soleado
1/25/24 2:00,Madrid,213,56,17,10019,Soleado
1/25/24 3:00,Madrid,332,69,147,9902,Nevado
1/25/24 4:00,Madrid,203,79,107,10148,Tormentoso
1/25/24 5:00,Madrid,68,73,99,9951,Nublado
1/25/24 6:00,Madrid,196,47,35,10007,Lluvioso
1/25/24 7:00,Madrid,63,56,75,10315,Tormentoso
1/25/24 8:00,Madrid,19,81,136,10092,Nublado
1/25/24 9:00,Madrid,329,77,197,10037,Neblina
1/25/24 10:00,Madrid,70,65,140,10008,Neblina
1/25/24 11:00,Madrid,211,70,55,10029,Soleado
1/25/24 12:00,Madrid,395,95,77,10329,Soleado
1/25/24 13:00,Madrid,241,80,42,10289,Nublado
1/25/24 14:00,Madrid,147,99,132,10164,Tormentoso
1/25/24 15:00,Madrid,174,88,184,10271,Nublado
1/25/24 16:00,Madrid,22,93,160,10094,Nevado
1/25/24 17:00,Madrid,-90,59,169,10062,Neblina
1/25/24 18:00,Madrid,288,89,48,9922,Neblina
1/25/24 19:00,Madrid,114,88,187,10227,Lluvioso
1/25/24 20:00,Madrid,129,94,164,10071,Lluvioso
1/25/24 21:00,Madrid,213,72,194,9913,Tormentoso
1/25/24 22:00,Madrid,351,74,63,10142,Nevado
1/25/24 23:00,Madrid,184,73,93,10348,Nevado
1/26/24 0:00,Madrid,249,90,29,10122,Tormentoso
1/26/24 1:00,Madrid,288,63,7,10347,Nevado
1/26/24 2:00,Madrid,15,96,101,10327,Soleado
1/26/24 3:00,Madrid,-57,73,113,10273,Nublado
1/26/24 4:00,Madrid,288,98,152,9905,Lluvioso
1/26/24 5:00,Madrid,185,50,15,9907,Soleado
1/26/24 6:00,Madrid,119,82,45,10093,Tormentoso
1/26/24 7:00,Madrid,16,85,182,9961,Nevado
1/26/24 8:00,Madrid,398,63,85,10025,Lluvioso
1/26/24 9:00,Madrid,79,98,71,10321,Lluvioso
1/26/24 10:00,Madrid,243,70,27,9980,Nevado
1/26/24 11:00,Madrid,139,64,41,9964,Nublado
1/26/24 12:00,Madrid,116,51,125,10115,Nublado
1/26/24 13:00,Madrid,254,45,57,9933,Neblina
1/26/24 14:00,Madrid,35,61,121,10224,Tormentoso
1/26/24 15:00,Madrid,284,79,67,10230,Neblina
1/26/24 16:00,Madrid,242,69,82,10341,Nublado
1/26/24 17:00,Madrid,110,58,26,10222,Tormentoso
1/26/24 18:00,Madrid,280,85,159,10056,Nevado
1/26/24 19:00,Madrid,296,58,42,10105,Tormentoso
1/26/24 20:00,Madrid,185,61,19,10283,Neblina
1/26/24 21:00,Madrid,226,41,13,9965,Nublado
1/26/24 22:00,Madrid,189,51,56,10058,Tormentoso
1/26/24 23:00,Madrid,55,96,168,10208,Soleado
1/27/24 0:00,Madrid,249,90,90,9984,Neblina
1/27/24 1:00,Madrid,109,47,22,10326,Neblina
1/27/24 2:00,Madrid,-64,45,142,9957,Lluvioso
1/27/24 3:00,Madrid,-9,92,73,10257,Neblina
1/27/24 4:00,Madrid,70,83,166,10090,Neblina
1/27/24 5:00,Madrid,282,42,139,10186,Nublado
1/27/24 6:00,Madrid,231,96,130,10082,Neblina
1/27/24 7:00,Madrid,21,51,31,9993,Nublado
1/27/24 8:00,Madrid,-48,61,163,10349,Nublado
1/27/24 9:00,Madrid,344,57,82,10066,Nublado
1/27/24 10:00,Madrid,89,88,23,10331,Lluvioso
1/27/24 11:00,Madrid,199,84,96,10303,Lluvioso
1/27/24 12:00,Madrid,298,97,24,10139,Nublado
1/27/24 13:00,Madrid,309,82,180,10142,Lluvioso
1/27/24 14:00,Madrid,-5,83,40,10123,Neblina
1/27/24 15:00,Madrid,89,47,156,10242,Nublado
1/27/24 16:00,Madrid,400,44,145,10115,Soleado
1/27/24 17:00,Madrid,298,45,45,10008,Soleado
1/27/24 18:00,Madrid,304,67,163,10005,Tormentoso
1/27/24 19:00,Madrid,-54,87,85,10245,Neblina
1/27/24 20:00,Madrid,398,64,69,10111,Soleado
1/27/24 21:00,Madrid,62,99,184,10306,Neblina
1/27/24 22:00,Madrid,-8,66,78,10349,Nevado
1/27/24 23:00,Madrid,240,48,97,10158,Neblina
1/28/24 0:00,Madrid,230,51,38,10293,Tormentoso
1/28/24 1:00,Madrid,246,42,165,9968,Neblina
1/28/24 2:00,Madrid,363,77,54,9928,Tormentoso
1/28/24 3:00,Madrid,116,93,52,10196,Tormentoso
1/28/24 4:00,Madrid,97,45,190,9967,Neblina
1/28/24 5:00,Madrid,349,97,127,10179,Nevado
1/28/24 6:00,Madrid,67,55,53,10267,Neblina
1/28/24 7:00,Madrid,178,46,178,10016,Tormentoso
1/28/24 8:00,Madrid,-57,56,75,10301,Neblina
1/28/24 9:00,Madrid,204,43,78,9936,Nublado
1/28/24 10:00,Madrid,31,84,77,10277,Tormentoso
1/28/24 11:00,Madrid,-71,78,38,10023,Lluvioso
1/28/24 12:00,Madrid,87,89,171,10326,Neblina
1/28/24 13:00,Madrid,374,87,13,9998,Neblina
1/28/24 14:00,Madrid,346,51,98,9924,Nevado
1/28/24 15:00,Madrid,-71,85,124,10231,Lluvioso
1/28/24 16:00,Madrid,95,91,53,10345,Nevado
1/28/24 17:00,Madrid,252,84,18,10103,Nevado
1/28/24 18:00,Madrid,-72,43,91,10116,Soleado
1/28/24 19:00,Madrid,218,76,109,9924,Nevado
1/28/24 20:00,Madrid,67,67,118,10123,Soleado
1/28/24 21:00,Madrid,217,48,191,10286,Nublado
1/28/24 22:00,Madrid,214,87,8,10176,Neblina
1/28/24 23:00,Madrid,-64,82,10,10119,Lluvioso
1/29/24 0:00,Madrid,-22,67,34,9991,Tormentoso
1/29/24 1:00,Madrid,282,79,142,10259,Nublado
1/29/24 2:00,Madrid,-25,62,96,10274,Lluvioso
1/29/24 3:00,Madrid,-88,71,117,10021,Lluvioso
1/29/24 4:00,Madrid,58,53,189,10270,Neblina
1/29/24 5:00,Madrid,-10,62,81,10107,Nublado
1/29/24 6:00,Madrid,169,47,99,10127,Neblina
1/29/24 7:00,Madrid,381,70,167,10068,Lluvioso
1/29/24 8:00,Madrid,144,71,154,10163,Soleado
1/29/24 9:00,Madrid,120,43,48,10007,Nevado
1/29/24 10:00,Madrid,-23,67,66,10068,Neblina
1/29/24 11:00,Madrid,135,69,157,9967,Lluvioso
1/29/24 12:00,Madrid,-50,89,55,9962,Nevado
1/29/24 13:00,Madrid,-58,87,30,9999,Lluvioso
1/29/24 14:00,Madrid,319,53,169,10119,Tormentoso
1/29/24 15:00,Madrid,316,64,64,10021,Nevado
1/29/24 16:00,Madrid,179,50,92,10047,Lluvioso
1/29/24 17:00,Madrid,237,96,192,9904,Neblina
1/29/24 18:00,Madrid,139,95,52,10311,Neblina
1/29/24 19:00,Madrid,-33,90,90,10026,Nublado
1/29/24 20:00,Madrid,165,58,177,10241,Nublado
1/29/24 21:00,Madrid,286,97,148,10115,Tormentoso
1/29/24 22:00,Madrid,-68,67,197,9995,Nevado
1/29/24 23:00,Madrid,138,56,133,10258,Soleado
1/30/24 0:00,Madrid,171,70,193,10293,Neblina
1/30/24 1:00,Madrid,-2,46,21,10039,Lluvioso
1/30/24 2:00,Madrid,0,53,25,10065,Nublado
1/30/24 3:00,Madrid,152,66,142,10271,Nevado
1/30/24 4:00,Madrid,-10,67,160,9922,Tormentoso
1/30/24 5:00,Madrid,-92,58,19,9912,Nublado
1/30/24 6:00,Madrid,83,44,82,9925,Soleado
1/30/24 7:00,Madrid,222,81,127,10082,Lluvioso
1/30/24 8:00,Madrid,300,58,68,9968,Nublado
1/30/24 9:00,Madrid,35,47,52,10005,Tormentoso
1/30/24 10:00,Madrid,-16,85,137,10026,Soleado
1/30/24 11:00,Madrid,285,55,143,10247,Neblina
1/30/24 12:00,Madrid,-57,55,36,9943,Neblina
1/30/24 13:00,Madrid,270,50,31,10339,Nublado
1/30/24 14:00,Madrid,98,72,33,10233,Nevado
1/30/24 15:00,Madrid,390,87,42,10325,Neblina
1/30/24 16:00,Madrid,100,49,131,10343,Nublado
1/30/24 17:00,Madrid,361,70,193,10061,Nublado
1/30/24 18:00,Madrid,347,76,21,10034,Neblina
1/30/24 19:00,Madrid,354,96,177,10278,Neblina
1/30/24 20:00,Madrid,-36,72,58,10169,Lluvioso
1/30/24 21:00,Madrid,226,70,117,10064,Soleado
1/30/24 22:00,Madrid,87,66,135,9944,Nevado
1/30/24 23:00,Madrid,-92,85,85,10270,Lluvioso
1/31/24 0:00,Madrid,127,51,162,9917,Nevado
1/31/24 1:00,Madrid,129,60,99,10298,Lluvioso
1/31/24 2:00,Madrid,-38,82,11,10323,Nevado
1/31/24 3:00,Madrid,352,62,59,9958,Nublado
1/31/24 4:00,Madrid,198,52,86,10289,Nevado
1/31/24 5:00,Madrid,0,88,72,9986,Neblina
1/31/24 6:00,Madrid,23,81,80,10133,Lluvioso
1/31/24 7:00,Madrid,376,71,127,10054,Soleado
1/31/24 8:00,Madrid,-2,58,108,9997,Nublado
1/31/24 9:00,Madrid,252,80,102,10008,Tormentoso
1/31/24 10:00,Madrid,385,82,160,9933,Nublado
1/31/24 11:00,Madrid,169,73,82,9915,Neblina
1/31/24 12:00,Madrid,212,83,165,10339,Lluvioso
1/31/24 13:00,Madrid,-92,54,151,9967,Neblina
1/31/24 14:00,Madrid,114,98,129,10163,Lluvioso
1/31/24 15:00,Madrid,45,60,51,10193,Nublado
1/31/24 16:00,Madrid,106,78,82,10103,Lluvioso
1/31/24 17:00,Madrid,30,91,185,9900,Nevado
1/31/24 18:00,Madrid,117,50,156,10063,Tormentoso
1/31/24 19:00,Madrid,342,79,156,10033,Soleado
1/31/24 20:00,Madrid,155,53,117,10259,Nublado
1/31/24 21:00,Madrid,112,47,113,10027,Tormentoso
1/31/24 22:00,Madrid,151,94,52,10192,Nublado
1/31/24 23:00,Madrid,325,67,105,10325,Neblina
2/1/24 0:00,Madrid,318,99,23,10174,Tormentoso
2/1/24 1:00,Madrid,305,47,150,10030,Nevado
2/1/24 2:00,Madrid,131,78,44,10291,Tormentoso
2/1/24 3:00,Madrid,270,92,168,10007,Neblina
2/1/24 4:00,Madrid,246,44,47,10234,Nevado
2/1/24 5:00,Madrid,201,96,27,9940,Nublado
2/1/24 6:00,Madrid,241,94,122,9982,Soleado
2/1/24 7:00,Madrid,277,84,158,10291,Soleado
2/1/24 8:00,Madrid,225,57,57,10015,Nevado
2/1/24 9:00,Madrid,79,47,169,10114,Soleado
2/1/24 10:00,Madrid,23,69,144,10000,Soleado
2/1/24 11:00,Madrid,-86,92,55,10293,Nevado
2/1/24 12:00,Madrid,0,62,107,10023,Tormentoso
2/1/24 13:00,Madrid,91,97,12,10343,Lluvioso
2/1/24 14:00,Madrid,24,48,133,10045,Neblina
2/1/24 15:00,Madrid,216,67,57,10128,Neblina
2/1/24 16:00,Madrid,321,99,165,10047,Lluvioso
2/1/24 17:00,Madrid,369,76,99,10191,Neblina
2/1/24 18:00,Madrid,-94,70,49,10068,Lluvioso
2/1/24 19:00,Madrid,201,97,39,10262,Soleado
2/1/24 20:00,Madrid,-1,98,152,10281,Soleado
2/1/24 21:00,Madrid,63,84,191,10309,Nublado
2/1/24 22:00,Madrid,327,51,171,9975,Nevado
2/1/24 23:00,Madrid,-54,82,87,10226,Tormentoso
2/2/24 0:00,Madrid,382,74,75,10286,Soleado
2/2/24 1:00,Madrid,160,63,177,10084,Nevado
2/2/24 2:00,Madrid,2,73,198,10155,Nublado
2/2/24 3:00,Madrid,85,74,55,10324,Lluvioso
2/2/24 4:00,Madrid,284,49,65,10322,Nevado
2/2/24 5:00,Madrid,384,95,106,9951,Neblina
2/2/24 6:00,Madrid,-67,98,143,9920,Nevado
2/2/24 7:00,Madrid,164,40,26,10308,Soleado
2/2/24 8:00,Madrid,303,51,45,10059,Lluvioso
2/2/24 9:00,Madrid,12,74,6,10165,Neblina
2/2/24 10:00,Madrid,194,85,161,10292,Lluvioso
2/2/24 11:00,Madrid,60,72,187,10328,Tormentoso
2/2/24 12:00,Madrid,343,87,43,10222,Neblina
2/2/24 13:00,Madrid,221,98,140,10240,Nevado
2/2/24 14:00,Madrid,213,46,179,10077,Tormentoso
2/2/24 15:00,Madrid,68,94,12,10187,Nevado
2/2/24 16:00,Madrid,194,75,151,10209,Soleado
2/2/24 17:00,Madrid,177,97,160,10061,Neblina
2/2/24 18:00,Madrid,59,90,62,10262,Neblina
2/2/24 19:00,Madrid,50,66,153,9926,Nublado
2/2/24 20:00,Madrid,161,64,25,10291,Tormentoso
2/2/24 21:00,Madrid,278,73,21,10250,Nublado
2/2/24 22:00,Madrid,98,87,84,9984,Neblina
2/2/24 23:00,Madrid,96,84,91,10022,Lluvioso
2/3/24 0:00,Madrid,250,62,182,10018,Neblina
2/3/24 1:00,Madrid,99,61,172,10086,Nevado
2/3/24 2:00,Madrid,253,59,35,10230,Soleado
2/3/24 3:00,Madrid,136,56,146,9926,Neblina
2/3/24 4:00,Madrid,226,44,98,10007,Soleado
2/3/24 5:00,Madrid,80,80,57,9931,Tormentoso
2/3/24 6:00,Madrid,260,70,135,10176,Nublado
2/3/24 7:00,Madrid,16,41,70,10318,Neblina
2/3/24 8:00,Madrid,172,88,111,10029,Tormentoso
2/3/24 9:00,Madrid,8,87,136,10156,Nevado
2/3/24 10:00,Madrid,332,80,109,10193,Neblina
2/3/24 11:00,Madrid,-54,53,197,10188,Soleado
2/3/24 12:00,Madrid,136,47,9,9988,Lluvioso
2/3/24 13:00,Madrid,-61,54,179,9944,Nevado
2/3/24 14:00,Madrid,372,50,43,9909,Tormentoso
2/3/24 15:00,Madrid,257,62,123,9974,Neblina
2/3/24 16:00,Madrid,-94,80,140,10143,Nublado
2/3/24 17:00,Madrid,116,47,97,10150,Neblina
2/3/24 18:00,Madrid,0,45,65,10029,Nevado
2/3/24 19:00,Madrid,279,69,145,10237,Neblina
2/3/24 20:00,Madrid,201,50,160,9974,Nublado
2/3/24 21:00,Madrid,56,86,156,10034,Nevado
2/3/24 22:00,Madrid,-78,56,99,10301,Nublado
2/3/24 23:00,Madrid,375,45,189,10101,Nublado
2/4/24 0:00,Madrid,-86,52,158,10076,Nevado
2/4/24 1:00,Madrid,239,41,83,10213,Nublado
2/4/24 2:00,Madrid,300,47,190,10188,Nublado
2/4/24 3:00,Madrid,-14,48,32,10283,Tormentoso
2/4/24 4:00,Madrid,359,41,166,10017,Neblina
2/4/24 5:00,Madrid,317,70,131,10137,Neblina
2/4/24 6:00,Madrid,7,50,184,10096,Tormentoso
2/4/24 7:00,Madrid,110,60,181,10254,Nevado
2/4/24 8:00,Madrid,354,57,125,10321,Soleado
2/4/24 9:00,Madrid,21,85,169,10305,Nevado
2/4/24 10:00,Madrid,58,58,59,9916,Neblina
2/4/24 11:00,Madrid,202,42,86,10085,Nevado
2/4/24 12:00,Madrid,56,91,118,10007,Nevado
2/4/24 13:00,Madrid,378,94,45,10267,Nublado
2/4/24 14:00,Madrid,18,51,44,10191,Soleado
2/4/24 15:00,Madrid,229,58,159,10068,Nublado
2/4/24 16:00,Madrid,-13,50,163,10170,Tormentoso
2/4/24 17:00,Madrid,249,86,100,10207,Nublado
2/4/24 18:00,Madrid,-44,63,143,9961,Neblina
2/4/24 19:00,Madrid,230,93,183,10152,Tormentoso
2/4/24 20:00,Madrid,-97,52,185,10325,Soleado
2/4/24 21:00,Madrid,292,77,185,10255,Nublado
2/4/24 22:00,Madrid,-89,48,55,10154,Tormentoso
2/4/24 23:00,Madrid,0,50,183,10057,Lluvioso
2/5/24 0:00,Madrid,304,55,82,10346,Lluvioso
2/5/24 1:00,Madrid,-46,87,147,10328,Nublado
2/5/24 2:00,Madrid,396,64,98,10110,Nublado
2/5/24 3:00,Madrid,337,48,180,10144,Tormentoso
2/5/24 4:00,Madrid,246,83,125,10079,Neblina
2/5/24 5:00,Madrid,121,48,115,10245,Lluvioso
2/5/24 6:00,Madrid,-83,59,24,10090,Soleado
2/5/24 7:00,Madrid,348,79,111,10192,Neblina
2/5/24 8:00,Madrid,334,90,100,9927,Tormentoso
2/5/24 9:00,Madrid,256,44,139,10337,Nevado
2/5/24 10:00,Madrid,181,72,99,10104,Nublado
2/5/24 11:00,Madrid,-15,40,79,9925,Nevado
2/5/24 12:00,Madrid,12,96,69,10162,Tormentoso
2/5/24 13:00,Madrid,233,64,115,9910,Tormentoso
2/5/24 14:00,Madrid,345,89,141,9966,Neblina
2/5/24 15:00,Madrid,237,40,125,10208,Soleado
2/5/24 16:00,Madrid,-56,79,90,10246,Tormentoso
2/5/24 17:00,Madrid,-79,45,115,10343,Nublado
2/5/24 18:00,Madrid,287,80,44,10297,Lluvioso
2/5/24 19:00,Madrid,237,67,87,10157,Tormentoso
2/5/24 20:00,Madrid,38,63,8,9947,Soleado
2/5/24 21:00,Madrid,342,80,16,9944,Neblina
2/5/24 22:00,Madrid,-31,54,81,10117,Neblina
2/5/24 23:00,Madrid,-34,88,198,10250,Nublado
2/6/24 0:00,Madrid,343,49,63,10062,Nevado
2/6/24 1:00,Madrid,56,99,119,9974,Lluvioso
2/6/24 2:00,Madrid,223,42,12,10023,Nublado
2/6/24 3:00,Madrid,108,58,126,10165,Nevado
2/6/24 4:00,Madrid,126,84,112,10054,Neblina
2/6/24 5:00,Madrid,333,80,150,9946,Lluvioso
2/6/24 6:00,Madrid,357,55,52,10261,Neblina
2/6/24 7:00,Madrid,-4,78,124,9958,Nublado
2/6/24 8:00,Madrid,286,68,26,10163,Nevado
2/6/24 9:00,Madrid,51,93,36,10145,Nevado
2/6/24 10:00,Madrid,199,92,91,10222,Neblina
2/6/24 11:00,Madrid,223,96,140,10263,Neblina
2/6/24 12:00,Madrid,383,92,130,9947,Lluvioso
2/6/24 13:00,Madrid,66,58,40,10265,Soleado
2/6/24 14:00,Madrid,-51,42,100,10088,Nevado
2/6/24 15:00,Madrid,347,47,67,10291,Tormentoso
2/6/24 16:00,Madrid,151,84,158,10154,Nublado
2/6/24 17:00,Madrid,360,73,115,10087,Soleado
2/6/24 18:00,Madrid,20,42,183,10125,Nublado
2/6/24 19:00,Madrid,201,96,106,10125,Lluvioso
2/6/24 20:00,Madrid,1,46,157,10036,Lluvioso
2/6/24 21:00,Madrid,46,47,39,10326,Tormentoso
2/6/24 22:00,Madrid,-10,81,11,10137,Nevado
2/6/24 23:00,Madrid,229,99,35,10268,Soleado
2/7/24 0:00,Madrid,222,79,178,10027,Neblina
2/7/24 1:00,Madrid,190,85,71,10117,Lluvioso
2/7/24 2:00,Madrid,73,45,150,10028,Lluvioso
2/7/24 3:00,Madrid,295,73,38,9907,Nevado
2/7/24 4:00,Madrid,-38,46,199,10327,Tormentoso
2/7/24 5:00,Madrid,298,65,186,10118,Tormentoso
2/7/24 6:00,Madrid,81,46,89,10063,Lluvioso
2/7/24 7:00,Madrid,364,97,155,10303,Tormentoso
2/7/24 8:00,Madrid,309,50,72,10307,Tormentoso
2/7/24 9:00,Madrid,266,92,102,10000,Nevado
2/7/24 10:00,Madrid,-31,80,17,10252,Lluvioso
2/7/24 11:00,Madrid,346,71,152,9962,Nublado
2/7/24 12:00,Madrid,-89,99,35,10099,Soleado
2/7/24 13:00,Madrid,55,98,92,10058,Nevado
2/7/24 14:00,Madrid,330,80,24,10144,Soleado
2/7/24 15:00,Madrid,285,86,70,9919,Neblina
2/7/24 16:00,Madrid,19,97,34,10221,Neblina
2/7/24 17:00,Madrid,382,66,119,10217,Soleado
2/7/24 18:00,Madrid,249,52,47,10304,Soleado
2/7/24 19:00,Madrid,104,90,104,10043,Nevado
2/7/24 20:00,Madrid,-63,83,156,10073,Soleado
2/7/24 21:00,Madrid,-51,48,12,10290,Lluvioso
2/7/24 22:00,Madrid,-49,42,174,10215,Tormentoso
2/7/24 23:00,Madrid,376,77,13,10071,Neblina
2/8/24 0:00,Madrid,108,42,79,10286,Nublado
2/8/24 1:00,Madrid,215,65,59,10273,Tormentoso
2/8/24 2:00,Madrid,362,77,134,9914,Nublado
2/8/24 3:00,Madrid,-75,44,116,10171,Nublado
2/8/24 4:00,Madrid,272,47,150,10323,Lluvioso
2/8/24 5:00,Madrid,358,73,96,10259,Neblina
2/8/24 6:00,Madrid,182,62,112,9901,Tormentoso
2/8/24 7:00,Madrid,84,44,86,9947,Tormentoso
2/8/24 8:00,Madrid,390,61,88,10021,Nevado
2/8/24 9:00,Madrid,130,86,21,9964,Tormentoso
2/8/24 10:00,Madrid,-4,77,90,9968,Neblina
2/8/24 11:00,Madrid,272,57,155,10027,Nevado
2/8/24 12:00,Madrid,333,75,28,10029,Tormentoso
2/8/24 13:00,Madrid,124,82,45,10203,Tormentoso
2/8/24 14:00,Madrid,209,58,45,10241,Neblina
2/8/24 15:00,Madrid,312,57,178,10160,Lluvioso
2/8/24 16:00,Madrid,291,72,95,10203,Nublado
2/8/24 17:00,Madrid,140,91,70,10100,Lluvioso
2/8/24 18:00,Madrid,295,47,51,9949,Lluvioso
2/8/24 19:00,Madrid,192,97,57,10153,Neblina
2/8/24 20:00,Madrid,373,74,43,10076,Nevado
2/8/24 21:00,Madrid,286,87,44,9979,Nublado
2/8/24 22:00,Madrid,168,69,25,10194,Soleado
2/8/24 23:00,Madrid,104,47,165,10254,Nevado
2/9/24 0:00,Madrid,157,63,112,10103,Neblina
2/9/24 1:00,Madrid,18,87,153,10078,Nevado
2/9/24 2:00,Madrid,262,86,118,9948,Neblina
2/9/24 3:00,Madrid,246,95,48,10182,Nublado
2/9/24 4:00,Madrid,334,42,102,10229,Soleado
2/9/24 5:00,Madrid,190,60,70,10273,Lluvioso
2/9/24 6:00,Madrid,103,93,143,10304,Tormentoso
2/9/24 7:00,Madrid,-58,55,60,10094,Lluvioso
2/9/24 8:00,Madrid,-55,95,184,9920,Neblina
2/9/24 9:00,Madrid,-100,51,53,10160,Lluvioso
2/9/24 10:00,Madrid,286,45,101,9979,Tormentoso
2/9/24 11:00,Madrid,-87,67,79,10126,Nublado
2/9/24 12:00,Madrid,52,65,190,10010,Lluvioso
2/9/24 13:00,Madrid,-5,54,165,9948,Tormentoso
2/9/24 14:00,Madrid,-75,77,155,10088,Nevado
2/9/24 15:00,Madrid,286,73,54,10036,Lluvioso
2/9/24 16:00,Madrid,4,45,28,10049,Nublado
2/9/24 17:00,Madrid,152,67,145,10207,Neblina
2/9/24 18:00,Madrid,-64,94,104,9982,Neblina
2/9/24 19:00,Madrid,309,97,64,10195,Tormentoso
2/9/24 20:00,Madrid,312,99,5,10342,Soleado
2/9/24 21:00,Madrid,330,57,13,10112,Tormentoso
2/9/24 22:00,Madrid,242,70,158,9985,Nublado
2/9/24 23:00,Madrid,278,87,98,10034,Neblina
2/10/24 0:00,Madrid,-97,99,35,9938,Lluvioso
2/10/24 1:00,Madrid,53,44,167,10323,Soleado
2/10/24 2:00,Madrid,343,41,62,9913,Neblina
2/10/24 3:00,Madrid,-13,92,32,10026,Nevado
2/10/24 4:00,Madrid,104,76,60,10181,Soleado
2/10/24 5:00,Madrid,218,45,60,9910,Nublado
2/10/24 6:00,Madrid,318,53,6,10261,Soleado
2/10/24 7:00,Madrid,146,74,119,9983,Neblina
2/10/24 8:00,Madrid,-65,75,87,9916,Neblina
2/10/24 9:00,Madrid,270,88,7,10286,Tormentoso
2/10/24 10:00,Madrid,219,53,107,10151,Tormentoso
2/10/24 11:00,Madrid,23,77,12,10152,Lluvioso
2/10/24 12:00,Madrid,-78,41,64,10340,Nublado
2/10/24 13:00,Madrid,300,78,6,10118,Lluvioso
2/10/24 14:00,Madrid,152,73,24,10147,Lluvioso
2/10/24 15:00,Madrid,-30,93,44,10131,Neblina
2/10/24 16:00,Madrid,373,90,22,9993,Nevado
2/10/24 17:00,Madrid,17,43,85,10184,Neblina
2/10/24 18:00,Madrid,144,77,59,10116,Nevado
2/10/24 19:00,Madrid,98,91,77,9952,Lluvioso
2/10/24 20:00,Madrid,152,60,125,10241,Nevado
2/10/24 21:00,Madrid,187,74,59,9984,Nublado
2/10/24 22:00,Madrid,286,44,59,10273,Soleado
2/10/24 23:00,Madrid,353,56,89,10000,Nublado
2/11/24 0:00,Madrid,53,68,194,10159,Soleado
2/11/24 1:00,Madrid,-4,42,125,10032,Nublado
2/11/24 2:00,Madrid,155,60,17,10288,Nublado
2/11/24 3:00,Madrid,188,87,100,10164,Tormentoso
2/11/24 4:00,Madrid,25,60,23,10008,Neblina
2/11/24 5:00,Madrid,42,66,110,10329,Soleado
2/11/24 6:00,Madrid,376,83,33,10001,Nublado
2/11/24 7:00,Madrid,41,53,139,10180,Nevado
2/11/24 8:00,Madrid,37,52,46,10195,Nevado
2/11/24 9:00,Madrid,357,61,58,10045,Soleado
2/11/24 10:00,Madrid,-73,88,200,9971,Nevado
2/11/24 11:00,Madrid,0,45,31,10119,Lluvioso
2/11/24 12:00,Madrid,57,98,39,10274,Lluvioso
2/11/24 13:00,Madrid,290,52,35,10186,Neblina
2/11/24 14:00,Madrid,296,47,105,10229,Nevado
2/11/24 15:00,Madrid,227,49,18,10246,Tormentoso
2/11/24 16:00,Madrid,379,58,23,10100,Tormentoso
2/11/24 17:00,Madrid,241,80,58,10231,Soleado
2/11/24 18:00,Madrid,392,44,144,10339,Neblina
2/11/24 19:00,Madrid,22,78,106,9992,Neblina
2/11/24 20:00,Madrid,134,59,14,10337,Lluvioso
2/11/24 21:00,Madrid,-24,84,127,9978,Lluvioso
2/11/24 22:00,Madrid,63,50,148,10097,Soleado
2/11/24 23:00,Madrid,66,50,199,10043,Soleado
